"shortcode","url","type","caption","hashtags","likes","comments","views","timestamp","image_url","location","owner"
"DVoHOTQD4-B","https://www.instagram.com/p/DVoHOTQD4-B/","carousel","🚀 15 Internships in 2026 You Shouldn’t Miss  From Deloitte to Infosys — top companies offering internships for students across tech, business, consulting & data roles. 💼  💰 Stipends up to ₹30K/month 📍 Hybrid / Remote opportunities 🎓 Open for UG / PG students  Internships are the fastest way to gain real industry experience and boost your resume.  📌 Save this list before applications close 🔥 Follow @decode_leox for internships, tech roadmaps & career tips  #Internships2026 #StudentOpportunities #CareerGrowth #TechInternship PlacementPreparation #DecodeLeox","Internships2026 StudentOpportunities CareerGrowth TechInternship DecodeLeox","17355","5984","","2026-03-08T14:26:43.000Z","https://instagram.fraj8-1.fna.fbcdn.net/v/t51.82787-15/649435628_17915286609318792_6776001682843484079_n.webp?_nc_cat=111&ig_cache_key=Mzg0ODM0MzIwMzIzNDEyMDUxMw%3D%3D.3-ccb7-5&ccb=7-5&_nc_sid=58cdad&efg=eyJ2ZW5jb2RlX3RhZyI6IkNBUk9VU0VMX0lURU0ueHBpZHMuMTQ0MC5zZHIucmVndWxhcl9waG90by5DMyJ9&_nc_ohc=YlVWpZRGd0kQ7kNvwEQZIfS&_nc_oc=AdqKq2kb43QByG88WaZXyWj41ZBzLvf3FbrLrjnKBApQrXmn35ajt1lK13qTCF0qWjsmXMBICijsnd-eS2RcAmZf&_nc_ad=z-m&_nc_cid=2034&_nc_zt=23&_nc_ht=instagram.fraj8-1.fna&_nc_gid=NJ85hmd45wGZlpNiycKBLw&_nc_ss=7a22e&oh=00_AQAn9ejfW95WXk7VemhFCEc5eDlecz_gXn9gXBtSSMHFXA&oe=6A5CD775","","decode_leox"
"DOdjwFCAmP9","https://www.instagram.com/p/DOdjwFCAmP9/","carousel","Comment “TCS” to Get all Links!🔥  Follow @coders_section for more!🙂  tcs free internships 2025, tcs virtual internships, tcs internships with certificate, free internships for students, tcs ai ml internship, cybersecurity internship free, data visualization internship, tcs career edge program, free online internships india, resume building internships  🔥 Hashtags: #TCS #FreeInternship #VirtualInternship #CodingCommunity #AIandML #Cybersecurity #CareerGrowth #SkillBuilding #FreeCourses #TechCommunity #LearnAndGrow #DeveloperCommunity #JobReady #OnlineInternship","TCS FreeInternship VirtualInternship CodingCommunity AIandML Cybersecurity CareerGrowth SkillBuilding FreeCourses TechCommunity LearnAndGrow DeveloperCommunity JobReady OnlineInternship","2378","3495","","2025-09-11T12:24:35.000Z","https://instagram.fraj8-1.fna.fbcdn.net/v/t51.82787-15/545349192_17919031902168132_2578985695702867102_n.jpg?stp=dst-jpg_e35_tt6&_nc_cat=111&ig_cache_key=MzcxOTI4NjA3OTQzMDUxNzY4MQ%3D%3D.3-ccb7-5&ccb=7-5&_nc_sid=58cdad&efg=eyJ2ZW5jb2RlX3RhZyI6IkNBUk9VU0VMX0lURU0ueHBpZHMuMTA4MC5zZHIucmVndWxhcl9waG90by5DMyJ9&_nc_ohc=pNz9ogasbp0Q7kNvwGhNpYj&_nc_oc=AdpNLn3QQyyQIWYoJXu6H2tMrQ7tYn-CfBxL8xMs9j9UYHNp-lbQVqXbb-tI520067XYuU8h1Sqp4LVfkhbWY4zb&_nc_ad=z-m&_nc_cid=2034&_nc_zt=23&_nc_ht=instagram.fraj8-1.fna&_nc_gid=UF61oGVYRlkyIgUpf8_dgQ&_nc_ss=7a22e&oh=00_AQBxsrPYaxSgZSxYYys6-yOQ8qolIZZ5L8fhDA2eCFXNPQ&oe=6A5CEF0A","British Columbia, Canada","coders_section"
"DaOgDhnMDGx","https://www.instagram.com/p/DaOgDhnMDGx/","video","Stop applying on Internshala for ₹2,000 stipends.  I just dropped my first Substack post with 2 websites that completely change how you find internships. Real companies, real pay, and you’re applying before most students even know the role exists.  Link in bio. Go read it.  [ internship, internship2026, placementseason, offcampusinternship, startupsintership, wellfound, techinternship, indiajobs, freshersjobs, campusplacement, startupjobs, remoteinternship, placementprep, substack, techstudents ]","","1879","2641","189565","2026-06-30T22:25:41.000Z","https://instagram.fraj8-1.fna.fbcdn.net/v/t51.82787-15/731808181_18604845325009440_6045241748402852827_n.jpg?stp=dst-jpg_e15_tt6&_nc_cat=109&ig_cache_key=MzkzMTIyMDUwNDQ3ODc1NzI5NzE4NjA0ODQ1MzE5MDA5NDQw.3-ccb7-5&ccb=7-5&_nc_sid=58cdad&efg=eyJ2ZW5jb2RlX3RhZyI6IkNMSVBTLnhwaWRzLjcyMC5zZHIudmlkZW9fZGVmYXVsdF9jb3Zlcl9mcmFtZS5DMyJ9&_nc_ohc=p_eP43YHKP4Q7kNvwH2LhPl&_nc_oc=AdpCtYaLGkL-HGpN4XObbuW9-u7qGzimVeF1prsRVjYvHjIVUlhWm9mGqVOUGPjFvOsChuiywyTonW4SuIWMEItX&_nc_ad=z-m&_nc_cid=2034&_nc_zt=23&_nc_ht=instagram.fraj8-1.fna&_nc_gid=rY634-f5AgfVvQUtSCHGng&_nc_ss=7a22e&oh=00_AQCV1qkpIuZacLqtgtyZpNSHKA1OW0C1P5AXr3Hfmw-dJA&oe=6A5CE094","","krishnagangwal.ai"
"DVxrsvDlHGz","https://www.instagram.com/p/DVxrsvDlHGz/","carousel","10 students. 1 internship. ₹6000 stipend.  And no… this is not another post telling you to “keep applying everywhere and hope someone replies.” 🙂  Here’s something different.  10 freshers who want to learn Social Media Marketing and compete for a work-from-home internship. Throughout the program, participants will work on practical assignments, real social media tasks, and learn the skills required to actually manage and grow accounts.  At the end of the program, one top performer will be selected for a Social Media Marketing Internship with a ₹6000/month stipend.  Before the comment section gets too excited, a few important notes:  • This is not a free program • Only 10 students will be selected • The internship goes to the top performer • Assignments and consistency will actually matter (shocking, we know)  This opportunity is meant for freshers who are serious about starting their career in Social Media Marketing, not just collecting certificates or adding another course to their “maybe someday” list.  Let’s see who’s actually serious. 👀","","1010","1257","","2026-03-12T07:38:36.000Z","https://instagram.fraj8-1.fna.fbcdn.net/v/t51.82787-15/650228873_17970338292001763_4876832968694849654_n.jpg?stp=dst-jpg_e35_tt6&_nc_cat=108&ig_cache_key=Mzg1MTA1MDYxNzcwMDIwOTI3Nw%3D%3D.3-ccb7-5&ccb=7-5&_nc_sid=58cdad&efg=eyJ2ZW5jb2RlX3RhZyI6IkNBUk9VU0VMX0lURU0ueHBpZHMuMTA4MC5zZHIucmVndWxhcl9waG90by5DMyJ9&_nc_ohc=ThVGPMNRnVYQ7kNvwFgvr2V&_nc_oc=AdpAgPdRrx2f7soNAadSKH49kt1GK7XFGMR9ZISLNTk2RYb8DnOG-7ukzqkinUHV5YPTqzF3hD1vClihvcZIkaDw&_nc_ad=z-m&_nc_cid=2034&_nc_zt=23&_nc_ht=instagram.fraj8-1.fna&_nc_gid=Bl_VEUdhBqmZP8QSyek6YQ&_nc_ss=7a22e&oh=00_AQCkmz9q4zxxO_bPebDiaI6qvdMA7rRhoWiD1racRg2yig&oe=6A5CEFD6","","wabbithire"
"DTzaJcvCX_1","https://www.instagram.com/p/DTzaJcvCX_1/","carousel","Stop scrolling! ✋ Google Internships are LIVE.  Comment 'GOOGLE' for the link. Let’s get to work! 🚀","","1412","4903","","2026-01-22T06:40:56.000Z","https://instagram.fraj8-1.fna.fbcdn.net/v/t51.82787-15/619544578_17870595102531363_1409681324829357830_n.heic?stp=dst-jpg_e35_tt6&_nc_cat=107&ig_cache_key=MzgxNTUwODI5ODg0MjA5Njg0Mw%3D%3D.3-ccb7-5&ccb=7-5&_nc_sid=58cdad&efg=eyJ2ZW5jb2RlX3RhZyI6IkNBUk9VU0VMX0lURU0ueHBpZHMuMTQ0MC5zZHIucmVndWxhcl9waG90by5DMyJ9&_nc_ohc=ySxaqmCNtOoQ7kNvwHU-FiL&_nc_oc=AdoMDEVM0gJxq1PPX82_UaxdwKKvD_KGw8KpKykXWPmsAae2sDqO1CSmyvsHpsi-bVyxcMAML4t6YYap2LmaAvF3&_nc_ad=z-m&_nc_cid=2034&_nc_zt=23&_nc_ht=instagram.fraj8-1.fna&_nc_gid=1TjD2SHoT8g75TeQm8gmoA&_nc_ss=7a22e&oh=00_AQDe1Lhwe3wOtFKTMBL1TD8JLziEaCBX3xSvSpRkWqviMQ&oe=6A5CD9C9","","hustleverse22"
"DYiDIlfjStu","https://www.instagram.com/p/DYiDIlfjStu/","image","HSI Paid Internship 2026 #lgtscholars","lgtscholars","45","11","","2026-05-19T19:29:43.000Z","https://instagram.fraj8-1.fna.fbcdn.net/v/t51.82787-15/702763704_17940228150222229_7048975936074485841_n.webp?_nc_cat=107&ig_cache_key=MzkwMDY5NDAxMTQwOTQxMDkyNg%3D%3D.3-ccb7-5&ccb=7-5&_nc_sid=58cdad&efg=eyJ2ZW5jb2RlX3RhZyI6IkZFRUQueHBpZHMuMTEyMi5zZHIucmVndWxhcl9waG90by5DMyJ9&_nc_ohc=adPmXwsUh-YQ7kNvwHDFmZk&_nc_oc=AdrYO-DLAfoPUoS39QQGzTfYTKwkbTzDFlHGXXojE0RBlZfM4oIAXJMcejNal7ZeCT1mJK9MY6DOC3xEPKeyg8v9&_nc_ad=z-m&_nc_cid=2034&_nc_zt=23&_nc_ht=instagram.fraj8-1.fna&_nc_gid=aSghrF7j1OyJVSN4_fz8pg&_nc_ss=7a22e&oh=00_AQBIT9WY11UXg6xSOX4-E5r-ArXlZKBLrAS7R0VzQnt--Q&oe=6A5CD620","","lgtscholars"
"DSkw5l7EsCk","https://www.instagram.com/p/DSkw5l7EsCk/","carousel","Prepare before the year to ace the new year !   hi I’m saniyaaa aka @thatmarchgirlll and I’m an ai engineer , girl with 9+cgpa in tech , 6+ internship where 3 are in AI , represented my university solely at Startup Mahakumbh twice ( India’s largest startup event ) , published international research paper , lead global tech community as a Lead of Google developers group on campus , worked with international clients for freelance , led 2 tech startup’s and represented them too for the board of members , a public speaker , creator at LinkedIn , wrote tech blogs on Wordpress. thought of giving a small intro too   Save this and share with your friends who always keep asking “ where should i apply for internships ? “  A lot of students suffer not getting the right opportunity not cuz you’re less qualified but cuz you are not aware of the opportunities, Save this and apply for opportunities!   #internships #ai #student #placements #job","internships ai student placements job","3","545","","2025-12-22T17:39:45.000Z","https://instagram.fraj8-1.fna.fbcdn.net/v/t51.82787-15/591161431_17919675978214144_8823058064447301064_n.jpg?stp=dst-jpg_e35_tt6&_nc_cat=103&ig_cache_key=Mzc5MzM3MTgzOTE1MTEyMjI2OQ%3D%3D.3-ccb7-5&ccb=7-5&_nc_sid=58cdad&efg=eyJ2ZW5jb2RlX3RhZyI6IkNBUk9VU0VMX0lURU0ueHBpZHMuMTA4MC5zZHIucmVndWxhcl9waG90by5DMyJ9&_nc_ohc=z1QNoC58oX4Q7kNvwE49ESK&_nc_oc=AdpLCujkHfh_dPwqsP8uldmPVcRyUnIGtkFItdZEPLUD6BmJlnJYkMw28YTlgsM_kFJcU-vLavdLiDiaMWBV6u_H&_nc_ad=z-m&_nc_cid=2034&_nc_zt=23&_nc_ht=instagram.fraj8-1.fna&_nc_gid=ZJHTGzejxuRiv1XRLRrdqA&_nc_ss=7a22e&oh=00_AQDge3vxohjX21nNF6KRrYrIRcVx-CvuTO9g7nIjVU5R2g&oe=6A5CF95B","","thatmarchgirlll"
"DZT2t4spdHK","https://www.instagram.com/p/DZT2t4spdHK/","image","⚖️ Legal Internship Opportunity – July 2026 ⚖️  Looking to gain practical legal exposure beyond textbooks?  Legis Nex is inviting applications for its 1-Month Remote Internship Program designed for law students and aspiring legal professionals eager to strengthen their research, drafting, and analytical skills.  📚 Key Learning Areas • Legal Research • Case Analysis • Legal Drafting • Contract Review • Academic & Practical Legal Assignments  🎓 What You'll Receive ✔ Internship Certificate ✔ Letter of Recommendation (for top performers) ✔ Practical Exposure to Legal Work ✔ Publication Opportunities (where applicable)  📍 Mode: Remote ⏳ Duration: 1 Month 💼 Stipend: Unpaid  Interested in building your legal skills and gaining meaningful experience?  💬 Comment ""INTERESTED"" below or send your CV to legisnex@gmail.com  📅 Application Deadline: 29 June 2026  #LegalInternship #LawStudents #InternshipOpportunity #LegalResearch #LegalDrafting","LegalInternship LawStudents InternshipOpportunity LegalResearch LegalDrafting","15","154","","2026-06-08T03:43:54.000Z","https://instagram.fraj8-1.fna.fbcdn.net/v/t51.82787-15/718631496_18084656711164804_4766086360667288383_n.webp?_nc_cat=100&ig_cache_key=MzkxNDcxMzE0ODg4MTc1MjUyMg%3D%3D.3-ccb7-5&ccb=7-5&_nc_sid=58cdad&efg=eyJ2ZW5jb2RlX3RhZyI6IkZFRUQueHBpZHMuMTQ0MC5zZHIucmVndWxhcl9waG90by5DMyJ9&_nc_ohc=SBo6nri3dHQQ7kNvwHCMcoo&_nc_oc=AdrFRI1W4--qBPBkt_PBQlHq5-piFZY4ZbiWMMVRxeSrDwzUnYMDw68oQ6R7BppWF_jXAZuqWwquxichZPCoklYJ&_nc_ad=z-m&_nc_cid=2034&_nc_zt=23&_nc_ht=instagram.fraj8-1.fna&_nc_gid=0cUqUwuqJjTGYx-TRdOPzg&_nc_ss=7a22e&oh=00_AQAw_8Wrp9MXYyaESpmdwyKxSiRq3hu73fg03J7qf3yGQw&oe=6A5CD668","","legis_nex"
"DOMPWoFjWo_","https://www.instagram.com/p/DOMPWoFjWo_/","image","Netflix Internship Program 2026 | Funded Internship  Benefits • Funded internship with one of the world’s top entertainment companies. • Gain hands-on experience in your field of interest. • Networking opportunities with Netflix professionals. • Work on impactful projects in a dynamic environment.  📅 Deadline: Varies  Link is provided in our story and highlights.  Credit to: Netflix   Opportunities Circle does not claim the ownership of opportunities shared. All information is adapted from official sources and may be updated or changed at any time. For credit or content-related inquiries, please reach out to us.  #opportunitiescircle #netflixinternship #paidinternship #careeropportunities #globalinternship","opportunitiescircle netflixinternship paidinternship careeropportunities globalinternship","16827","1097","","2025-09-04T18:59:25.000Z","https://instagram.fraj8-1.fna.fbcdn.net/v/t51.82787-15/542472553_18318414403208620_2516504192466736724_n.jpg?stp=dst-jpg_e35_tt6&_nc_cat=104&ig_cache_key=MzcxNDQxMTMxODI0Mjc5ODE0Mw%3D%3D.3-ccb7-5&ccb=7-5&_nc_sid=58cdad&efg=eyJ2ZW5jb2RlX3RhZyI6IkZFRUQueHBpZHMuMTA4MC5zZHIucmVndWxhcl9waG90by5DMyJ9&_nc_ohc=8T9fO1P_7jEQ7kNvwEbqG7b&_nc_oc=Adp2b_g9SxNUbm6SOpLYSwk-_d7Itk3tBKhJbT8G-di1PzJl9M3KSlA3hQ2K0HXKZObsJv9MWMIzdmZCrSF1Yz8T&_nc_ad=z-m&_nc_cid=2034&_nc_zt=23&_nc_ht=instagram.fraj8-1.fna&_nc_gid=jX65tt5iF6ZclAsKnJEj9w&_nc_ss=7a22e&oh=00_AQA-vM_vF-nMJmSSYJhfLXosuNdt8kfRln9QooTpGSANkw&oe=6A5CD885","","opportunitiescircleofficial"
"DYg0NkLxGOG","https://www.instagram.com/p/DYg0NkLxGOG/","image","We’re growing & so is our team 👩‍💻  Karvaan is now hiring interns for all possible positions!   if you’re passionate, creative, and love being part of something meaningful - we’d love to have you on board 🤍   DM us with a short intro about yourself to apply.   let’s build, create & experience together.  this is just the beginning 🫶  #jaipurinternships #hiringinterns #internshipopportunity #jaipurdiaries #jaipur","jaipurinternships hiringinterns internshipopportunity jaipurdiaries jaipur","597","81","","2026-05-19T08:06:36.000Z","https://instagram.fraj8-1.fna.fbcdn.net/v/t51.82787-15/703988598_17887577343564849_5862234893114403580_n.jpg?stp=dst-jpg_e35_tt6&_nc_cat=107&ig_cache_key=MzkwMDM0NjkwNzkyNjc1MDA4Ng%3D%3D.3-ccb7-5&ccb=7-5&_nc_sid=58cdad&efg=eyJ2ZW5jb2RlX3RhZyI6IkZFRUQueHBpZHMuMTQxNy5zZHIucmVndWxhcl9waG90by5DMyJ9&_nc_ohc=ekISAM4diUMQ7kNvwG-Yd32&_nc_oc=AdqTsNROjqUQ1Veq1F7LeVurEab2xzcxSPbkyhBmZU_V8p5HOwzLsaJJQ6s9MHJJvl8rAaqcGR-U-XWim8njLiap&_nc_ad=z-m&_nc_cid=2034&_nc_zt=23&_nc_ht=instagram.fraj8-1.fna&_nc_gid=ZIKKFKwJ8dTRRTPJDRjf7g&_nc_ss=7a22e&oh=00_AQD-9u6G-vEv94aHfUgo2cQrO2Z7j9vNurLe02xri4dT3g&oe=6A5CF5E9","Jaipur, Rajasthan","karvaan.space"
"DVfBm9ZFVkZ","https://www.instagram.com/p/DVfBm9ZFVkZ/","carousel","✨ No experience? No problem. 💼🌱   Internships aren’t just for experts — they’re for students ready to learn, grow, and take that first step. 🚀📚 Your passion, curiosity, and effort already count. 💡🔥  Start somewhere. Apply anyway. Your future will thank you. So, look at this four Internships due soon, run and plan for your future sucess! 💙✨  ""FOLLOW"" ""COMMENT"" link to get access to all the Interneships‼️  #internshipapplication #careeropportunities #noexperienceneeded #applynow #studentsucess","internshipapplication careeropportunities noexperienceneeded applynow studentsucess","5977","1941","","2026-03-05T01:44:29.000Z","https://instagram.fraj8-1.fna.fbcdn.net/v/t51.82787-15/640428539_18079542956524155_6092272824637441904_n.webp?_nc_cat=102&ig_cache_key=Mzg0NTc5Nzc2MjQyODM2MjE0NQ%3D%3D.3-ccb7-5&ccb=7-5&_nc_sid=58cdad&efg=eyJ2ZW5jb2RlX3RhZyI6IkNBUk9VU0VMX0lURU0ueHBpZHMuMTA4MC5zZHIucmVndWxhcl9waG90by5DMyJ9&_nc_ohc=QzbviTKX45YQ7kNvwH1QYyB&_nc_oc=AdquNzQjI1fj64SgHxjc5l3qZ9qynQ5d4WsBC1XOUo2OGjhLHyYFigmQ6rxCWNwtJQM2jLYMeEwFdmtbdTtIplzn&_nc_ad=z-m&_nc_cid=2034&_nc_zt=23&_nc_ht=instagram.fraj8-1.fna&_nc_gid=Cg_M9ZqQSNm_kmNZ3L7kZQ&_nc_ss=7a22e&oh=00_AQAUpe8BJk8yGI_h9sSWTf8m6ljtlUbj8i9t4CdxSNyqjw&oe=6A5CE6B4","","connectmetutoring"
"Dah_XQLASe2","https://www.instagram.com/p/Dah_XQLASe2/","carousel","Most students won't apply for this Microsoft internship because they think they have ""no profile."" That's exactly why you should check it.   So many early-year students think internships are only for people with perfect resumes, huge projects, or final year experience.  #errormakesclever #microsoft #intern","errormakesclever microsoft intern","2836","73","","2026-07-08T11:59:33.000Z","https://instagram.fraj8-1.fna.fbcdn.net/v/t51.82787-15/742695430_18102679871176644_5019819858641407579_n.heic?stp=dst-jpg_e35_tt6&_nc_cat=103&ig_cache_key=MzkzNjcwMTk0OTUxNjYxMjU1Nw%3D%3D.3-ccb7-5&ccb=7-5&_nc_sid=58cdad&efg=eyJ2ZW5jb2RlX3RhZyI6IkNBUk9VU0VMX0lURU0ueHBpZHMuMTQ0MC5zZHIucmVndWxhcl9waG90by5DMyJ9&_nc_ohc=60sSKbby0xgQ7kNvwGyIUYm&_nc_oc=Adqway9sqStNDOg8uxNgWDFKY2EkT-Y0oP2GV_us2ruls6qlsLVUwslg3h0-m9zxqM_4UvPsgBDLKBwepr_jLX8V&_nc_ad=z-m&_nc_cid=2034&_nc_zt=23&_nc_ht=instagram.fraj8-1.fna&_nc_gid=fq1u3hBqTh7hGTFec0JRdg&_nc_ss=7a22e&oh=00_AQD_VESdHZitfUD-qO3f8fC8jjAkTGpMAQp7M4N4_EFwPw&oe=6A5CFEEA","","errormakesclever"
"DY9vpK9DqM7","https://www.instagram.com/p/DY9vpK9DqM7/","carousel","Looking for opportunities to gain international work experience? Explore a wide range of internship programs offered by leading organizations, companies, research institutes, and global institutions. Many of these opportunities provide financial support, professional training, and valuable exposure to international workplaces.  Whether you're a student or a recent graduate, these internships can help you build skills, expand your network, and strengthen your career profile.  Link is provided in our story and highlights  Opportunities Circle does not claim ownership of opportunities shared. All information is adapted from official sources and may be updated or changed at any time. For credit or content-related inquiries, please reach out to us.  #opportunitiescircle #internships #internationalinternships #studentopportunities #careergrowth","opportunitiescircle internships internationalinternships studentopportunities careergrowth","7260","5002","","2026-05-30T13:38:18.000Z","https://instagram.fraj8-1.fna.fbcdn.net/v/t51.82787-15/709771069_17907751533414954_4728733378044722942_n.jpg?stp=dst-jpg_e35_tt6&_nc_cat=106&ig_cache_key=MzkwODQ4OTQ2OTY4NzE0MjExNw%3D%3D.3-ccb7-5&ccb=7-5&_nc_sid=58cdad&efg=eyJ2ZW5jb2RlX3RhZyI6IkNBUk9VU0VMX0lURU0ueHBpZHMuMTA4MC5zZHIucmVndWxhcl9waG90by5DMyJ9&_nc_ohc=ovqKVEaLzh0Q7kNvwGTxuPi&_nc_oc=AdqroiN0iXpYbuLMJzNhX8g0EG2mnwXdvOICTsp103SRENW6vML8PeMJxfYLucEIJJBULbbs83fBYtmuSG1Cx2bs&_nc_ad=z-m&_nc_cid=2034&_nc_zt=23&_nc_ht=instagram.fraj8-1.fna&_nc_gid=zSkumm64tukAYMPZPUZUtQ&_nc_ss=7a22e&oh=00_AQBdTA9cJc4aubOt00YUrSrbCQbQEc3BI2ZtQjCiurVrgg&oe=6A5CD87B","","opcircleinternational"
"DVbcfcWFKyc","https://www.instagram.com/p/DVbcfcWFKyc/","carousel","✧ we’re hiring interns (for spring!!!) apply neowww and ask ur questions in the comments below!! 🥹  ────── ⋆⋅☆⋅⋆ ──────  any questions or comments? 💌: apricusliterary@gmail.com  >> based in sunny southern california, apricus literary is a multimedia magazine dedicated to uplifting and celebrating teen girl creatives throughout the world. inspired by the latin word “apricus”, our community provides a sunkissed safe space for all! ☀️  — now, you might ask, what makes us different than all the other magazines out there? well, we have GUARANTEED PUBLISHING!! that’s right: if your submitted piece follows the super-simple guidelines, you will have a spot in our publications! you can also become a registered APRICUS VOLUNTEER! volunteer service hours can be earned through apricus literary’s book club, the petal press. registration available through our linktree! 💌✨☆💖🧚  💐 now, come sit, smell the flower bouquets — we think you’ll like it here.  ┊ ┊ ┊ ┊ ┊ ┊ ┊ ┊ ┊ ┊ ˚★⋆｡˚ ⋆ ┊ ┊ ┊ ⋆ ┊ ┊ ★⋆ ┊ ◦ ★⋆ ┊ . ˚  ˚★  #apricusliterary #multimediamagazine#teengirlcreatives #optimism #explore","apricusliterary multimediamagazine teengirlcreatives optimism explore","29729","520","","2026-03-03T16:22:26.000Z","https://instagram.fraj8-1.fna.fbcdn.net/v/t51.82787-15/642440406_17919328053273763_6998419872641174171_n.jpg?stp=dst-jpg_e35_tt6&_nc_cat=101&ig_cache_key=Mzg0NDc5MTk2OTU0NTY0ODQwOQ%3D%3D.3-ccb7-5&ccb=7-5&_nc_sid=58cdad&efg=eyJ2ZW5jb2RlX3RhZyI6IkNBUk9VU0VMX0lURU0ueHBpZHMuMTA4MC5zZHIucmVndWxhcl9waG90by5DMyJ9&_nc_ohc=yTSIh2ZrydcQ7kNvwEL0X7S&_nc_oc=AdoLGosIneFaPKx8kU7AoJDCyZLzonnEFD_8jK1OtU87UQzSz8iDTd-sc7tzZDpjsiCY6MEjphnmkCXldaAu_8pL&_nc_ad=z-m&_nc_cid=2034&_nc_zt=23&_nc_ht=instagram.fraj8-1.fna&_nc_gid=ques0AEqWTNMULfxPuspeg&_nc_ss=7a22e&oh=00_AQDoYKOGBH6FstoZS8m4QG9sdTB-XTrEYrxCBmHV_tvnDQ&oe=6A5CDA81","","apricusliterary"
"DOvaER8km_X","https://www.instagram.com/p/DOvaER8km_X/","image","🚀 Kickstart your career with Yellowmatics!  From AI to Cybersecurity, Java to Digital Marketing – we’ve got domains that put you ahead of the crowd. 🌟  📅 1st Batch starts: 22nd Sept 2025 🎓 Industry-recognized certificate 💻 Live project exposure 🧭 Career guidance from experts  Don’t just learn. Build. Create. Grow. ✨  👉 Register now & grab your slot!  ⏩ LINK IN BIO  Tags: #Yellowmatics #internship #collegelife #internshipprogram #programming","Yellowmatics internship collegelife internshipprogram programming","837","77","","2025-09-18T10:46:18.000Z","https://instagram.fraj8-1.fna.fbcdn.net/v/t51.82787-15/551011158_17942893458048789_2679691765869158843_n.webp?_nc_cat=106&ig_cache_key=MzcyNDMxMDA2MDIxNTcyNjAzOQ%3D%3D.3-ccb7-5&ccb=7-5&_nc_sid=58cdad&efg=eyJ2ZW5jb2RlX3RhZyI6IkZFRUQueHBpZHMuMTQ0MC5zZHIucmVndWxhcl9waG90by5DMyJ9&_nc_ohc=7ENXvyh0oagQ7kNvwE1DSwX&_nc_oc=AdqZxJrc7t6KMReBw0m8cZ08_X7_mzlNbRh9Ul6_osiLnG5MP86IgwjKw22SYlclsEc6m4AELoHAnykjbPJ6l8aE&_nc_ad=z-m&_nc_cid=2034&_nc_zt=23&_nc_ht=instagram.fraj8-1.fna&_nc_gid=P208AU21ygyP1nrNAvq4nQ&_nc_ss=7a22e&oh=00_AQB_Cpdp1oTNIiRNODPjkXLJ6GyBzqmktKqdl2pixkfRbA&oe=6A5CEE49","","yellowmatics.ai"
"DWoj-YLjHzb","https://www.instagram.com/p/DWoj-YLjHzb/","video","Government is paying YOU to learn? 🇮🇳💸 The PM Internship Scheme 2026 is officially one of the biggest career opportunities for students after 10th and 12th. If you’re stuck in the “No Experience = No Job” cycle, this could be your real starting point. Instead of waiting for opportunities after graduation, you can now gain industry exposure, professional experience, and financial support at the same time.  This initiative helps students build practical skills, understand corporate work culture, and strengthen their career profile before entering the job market. The Details: 💰 ₹9,000 Monthly Stipend 🚀 ₹6,000 Joining Bonus 🏢 Work with Top 500 Companies (Reliance, TATA, HDFC & more)  🎓 Eligibility: 10th Pass to Graduates (Age 18–25) This is not just an internship — it’s your chance to build experience early, improve employability, and explore real career paths. Don’t let this deadline pass. Many students miss out simply because they don’t have a professional resume or proper guidance.  CTA: Comment ""APPLY"" and I’ll DM you the direct link along with my AI-approved resume template. 📩 PM Internship Scheme India, Government Internship for Students, Paid Internship India 2026, Internship after 12th India, Skill Development Opportunities India  #MediaMentor #PMInternshipScheme #StudentInternshipIndia #CareerOpportunities #YouthSkillsIndia","MediaMentor PMInternshipScheme StudentInternshipIndia CareerOpportunities YouthSkillsIndia","14493","17404","881928","2026-04-02T15:11:54.000Z","https://instagram.fraj8-1.fna.fbcdn.net/v/t51.82787-15/657862904_18125661244588797_4381735336857185176_n.jpg?stp=dst-jpg_e15_tt6&_nc_cat=102&ig_cache_key=Mzg2NjQ5ODQ5ODI5NjU3NzI0MzE4MTI1NjYxMjQxNTg4Nzk3.3-ccb7-5&ccb=7-5&_nc_sid=58cdad&efg=eyJ2ZW5jb2RlX3RhZyI6IkNMSVBTLnhwaWRzLjU0MC5zZHIudmlkZW9fZGVmYXVsdF9jb3Zlcl9mcmFtZS5DMyJ9&_nc_ohc=W0NI6cIoCK4Q7kNvwFFOA7x&_nc_oc=AdoSe6YGv23OB7wsowqC9J-11LqlFNKaEAkyEY3mTV754jRbuvXc-WgP67ybZKrOu1EB7ocLroyKEMtvsozjp3qP&_nc_ad=z-m&_nc_cid=2034&_nc_zt=23&_nc_ht=instagram.fraj8-1.fna&_nc_gid=N1kWDXDFctqDYPnRe0llbQ&_nc_ss=7a22e&oh=00_AQBnWD36o9SYBuzSvC7Dh-rLEUvD8cNPysRMI-pHkRu1SQ&oe=6A5CF2B1","","media.mentor"
"DaklcZ3DC93","https://www.instagram.com/p/DaklcZ3DC93/","carousel","Summer is the perfect time to gain real experience.  We’ve gathered internship opportunities with July 2026 deadlines for students interested in culture, design, media, journalism, operations, and more.  Swipe through to explore the opportunities, check the eligibility, and apply before spots close.  Save this post for later and share it with a student looking for a summer internship.  #HBSInitiative #SummerInternships #StudentOpportunities #UAEStudents","HBSInitiative SummerInternships StudentOpportunities UAEStudents","26","7","","2026-07-09T12:10:47.000Z","https://instagram.fraj8-1.fna.fbcdn.net/v/t51.82787-15/742838325_18082631216414412_8946527623246154072_n.jpg?stp=dst-jpg_e35_tt6&_nc_cat=110&ig_cache_key=MzkzNzQzNDY4MDI4NTEyMTA4Ng%3D%3D.3-ccb7-5&ccb=7-5&_nc_sid=58cdad&efg=eyJ2ZW5jb2RlX3RhZyI6IkNBUk9VU0VMX0lURU0ueHBpZHMuMTA4MC5zZHIucmVndWxhcl9waG90by5DMyJ9&_nc_ohc=m-1SEbwtt84Q7kNvwF4Pmfi&_nc_oc=AdogK9DIJo8mT3UN55s9nGzCNkMSf5D07XEOFZQc5fpMPBiWOzBOCZviuqr8dKQwHNsTv9T5FDfWn1c4CBCCSEXG&_nc_ad=z-m&_nc_cid=2034&_nc_zt=23&_nc_ht=instagram.fraj8-1.fna&_nc_gid=NyTQKGNzdATqIsWaBXdI8w&_nc_ss=7a22e&oh=00_AQAFWGF_Es8iIaVBKVQXiywwiTzLYAsQHZYGrsv7MD-YoA&oe=6A5CDB28","","hbsinitiative"
"DYWc08ACV0t","https://www.instagram.com/p/DYWc08ACV0t/","image","🚀 WE ARE HIRING – HR RECRUITER INTERNS | 45 DAYS HR INTERNSHIP 🚀  Looking for practical HR & Recruitment exposure? Join Aneja’s Training & Placement Services for an exciting 45 Days HR Internship Program with real-time recruitment experience and hands-on practical work.  📍 Location: Mohali 🏢 Company: Aneja’s Training & Placement Services  💼 Internship Role: HR Recruiter Intern – Bulk BPO Hiring (Pan India)  🔹 What You Will Learn: ✅ Bulk BPO Hiring for Pan India ✅ Candidate Screening & Shortlisting ✅ Sourcing Candidates through Job Portals & Social Media ✅ Interview Coordination & Scheduling ✅ HR Communication & Recruitment Process ✅ Real-Time Practical Recruitment Work  🎯 Who Can Apply? ✔ MBA (HR) Students ✔ BBA / B.Com / Graduate Students ✔ Freshers Interested in HR & Recruitment ✔ Students Looking for Practical Industry Experience  💰 Internship Benefits: ✅ Practical HR Training ✅ Performance Based Stipend ✅ Internship Completion Certificate ✅ Real-Time Hiring Exposure ✅ Skill Development & Career Growth  🎓 We are also open for collaborations with Colleges, Universities & TPOs across: 📍 Punjab | Himachal Pradesh | Haryana  This internship is a great opportunity for students to gain real corporate HR exposure and build a strong career in Recruitment & Human Resources.  📍 Visit Us: Aneja’s Training & Placement Services SCF 19, Top Floor, Phase 11, Mohali  📞 Contact: Anurag Aneja – 9888307229  #HRInternship #HRJobs #Recruitment #MBAHR #BBAJobs #InternshipOpportunity #CampusHiring #TPO #PunjabJobs #MohaliJobs #HaryanaJobs #HimachalJobs #Placement #HumanResources #Recruiter #CareerOpportunity #Students #Freshers #AnejaTrainingAndPlacementServices","HRInternship HRJobs Recruitment MBAHR BBAJobs InternshipOpportunity CampusHiring TPO PunjabJobs MohaliJobs HaryanaJobs HimachalJobs Placement HumanResources Recruiter CareerOpportunity Students Freshers AnejaTrainingAndPlacementServices","25","2","","2026-05-15T07:23:20.000Z","https://instagram.fraj8-1.fna.fbcdn.net/v/t51.82787-15/681880999_18593357719050965_713307917915135637_n.jpg?stp=dst-jpg_e35_tt6&_nc_cat=110&ig_cache_key=Mzg5NzQyOTMxMDY3NTk2NzI3Nw%3D%3D.3-ccb7-5&ccb=7-5&_nc_sid=58cdad&efg=eyJ2ZW5jb2RlX3RhZyI6IkZFRUQueHBpZHMuMTAyNC5zZHIucmVndWxhcl9waG90by5DMyJ9&_nc_ohc=Fvd917kqH1oQ7kNvwFxASMd&_nc_oc=AdpGvQA92jSOYlfsDrVw5Q3nsYZXtHY3YR1bm7nUlLGBn93qFnqsHVhibvnWeCZ_KmkuiqNK04GO_on-A7bMFKCO&_nc_ad=z-m&_nc_cid=2034&_nc_zt=23&_nc_ht=instagram.fraj8-1.fna&_nc_gid=07f5IHhDYqdsp39JaWTkOQ&_nc_ss=7a22e&oh=00_AQARcGOv7XwqCGIEkEkhEZ-_oCD44LiWJi2usUDkuUnZpw&oe=6A5CF23C","","anejas_training_placement_serv"
"DIdPMY_TeM8","https://www.instagram.com/p/DIdPMY_TeM8/","image","🎓 FREE 6-Week Internship Program 🔹 Offered by: Triaright Solutions LLP 📜 Certifications: APSCHE | NSDC | AICTE | ISO  Are you ready to boost your skills and enhance your resume with industry-recognized experience?  ✨ Triaright Solutions LLP proudly presents a FREE 6-week internship, designed for students from all departments — including B.Tech, Degree, Diploma, Arts, Science, and Management streams.  💼 Program Highlights ✅ Certified by top-tier organizations: APSCHE, NSDC, AICTE, and ISO 🧠 Hands-on training & real-time projects 🌐 Online mode – Learn from anywhere 🎯 Designed for students from any academic background 🕕 Duration: 6 Weeks 💸 Absolutely Free of Cost(Recordings)  🚀 Why Should You Join? Strengthen your resume with recognized certifications  Gain valuable industry exposure  Work on real-time projects guided by experts  Enhance your skills for future career opportunities  🔗 Registration Link 👉 https://docs.google.com/forms/d/e/1FAIpQLSfzF4EmZ81ZEl9YTD7VJHmcrPcxW4N64zpUw49VPbLgRyEHbw/viewform?usp=header  #InternshipOpportunity #FreeInternship #Triaright #CareerLaunch #Students #Internship #FreeInternship #CareerGrowth #ApplyNow #StudentsOpportunity #aicteapproved #apache #NSDC #AICTE #ISO","InternshipOpportunity FreeInternship Triaright CareerLaunch Students Internship FreeInternship CareerGrowth ApplyNow StudentsOpportunity aicteapproved apache NSDC AICTE ISO","93","336","","2025-04-15T06:16:36.000Z","https://instagram.fraj8-1.fna.fbcdn.net/v/t39.30808-6/490978155_122170985648358885_1774409161672170271_n.jpg?stp=dst-jpg_e35_tt6&_nc_cat=104&ig_cache_key=MzYxMTEwOTI5ODM4NDI2NjA0NA%3D%3D.3-ccb7-5&ccb=7-5&_nc_sid=58cdad&efg=eyJ2ZW5jb2RlX3RhZyI6IkZFRUQueHBpZHMuMTA4MC5zZHIucmVndWxhcl9waG90by5DMyJ9&_nc_ohc=6rXngk-SmlEQ7kNvwFwRfx8&_nc_oc=AdofjlxHgG3RQo_wtHlcLu7GtmwosIHTPX7ElMULOBHCFfrF3N08tqcipHlzpgbpUwlRDnW9fy7QNgCuS_1h9pyd&_nc_ad=z-m&_nc_cid=2034&_nc_zt=23&_nc_ht=instagram.fraj8-1.fna&_nc_gid=5DDy4jp-S2bqEa1fsPtudw&_nc_ss=7a22e&oh=00_AQAbq_EAyFEUG8FPWdcfGjusr94H0B84-VkYhrLeHzh_vQ&oe=6A5CFFDD","","triaright"
"DX35oGOjfvM","https://www.instagram.com/p/DX35oGOjfvM/","carousel","Not your typical internship.  This summer, we’re opening the doors to the ReeSocials world, real brands, real shoots, real brainstorming sessions, real agency chaos.  If you’re someone who’s obsessed with content, notices good branding instantly, spends way too much time on Instagram, or has a creative eye that deserves more than classroom work, this is for you!  From social media to content creation, design, and strategy, you’ll get hands-on experience inside an agency that actually creates.  June — August 2026 4 days a week | 12 PM – 5 PM  Send your CV + portfolio/work samples to: reesocials2024@gmail.com  Subject line: Summer Internship Position Name","","7255","261","","2026-05-03T10:38:32.000Z","https://instagram.fraj8-1.fna.fbcdn.net/v/t51.82787-15/687523008_18407035987199750_493200318368650009_n.jpg?stp=dst-jpg_e35_tt6&_nc_cat=102&ig_cache_key=Mzg4ODgzMDA5MDQyMzY0ODI3MA%3D%3D.3-ccb7-5&ccb=7-5&_nc_sid=58cdad&efg=eyJ2ZW5jb2RlX3RhZyI6IkNBUk9VU0VMX0lURU0ueHBpZHMuMTQ0MC5zZHIucmVndWxhcl9waG90by5DMyJ9&_nc_ohc=zZGEH5FPSy8Q7kNvwGjVFI1&_nc_oc=Ador7pjvoW12-L7AXtEwAKiNyylxsFW_B7iQiKGmyIATh_wuM8tn7qiclhJqycyqIsyWjhRcTPKYgejxDqJCaS6Y&_nc_ad=z-m&_nc_cid=2034&_nc_zt=23&_nc_ht=instagram.fraj8-1.fna&_nc_gid=xx9B6dUqTSpkjL0tQAFkZQ&_nc_ss=7a22e&oh=00_AQCXly9oS9MJeP0_mUkhWpPclz52A6epz-2FxSWuakv_bA&oe=6A5D012D","","reesocials"
"DZsUgEPjQAx","https://www.instagram.com/p/DZsUgEPjQAx/","carousel","NVIDIA Internships 2027 Worldwide Openings | Paid Visit: https://opportunitiesradar.com/nvidia-internships-2027/  Multiple internship positions in NVIDIA worldwide offices, seeking applications from students enrolled in bachelors, masters & Phd degree programmes.  #internship #Nvidia #Applynow #opportunitiesradar","internship Nvidia Applynow opportunitiesradar","1829","1591","","2026-06-17T15:45:16.000Z","https://instagram.fraj8-1.fna.fbcdn.net/v/t51.82787-15/725803573_17953362255183271_654020869755004592_n.jpg?stp=dst-jpg_e35_tt6&_nc_cat=103&ig_cache_key=MzkyMTU5OTQyNzI2ODM2NjIxMA%3D%3D.3-ccb7-5&ccb=7-5&_nc_sid=58cdad&efg=eyJ2ZW5jb2RlX3RhZyI6IkNBUk9VU0VMX0lURU0ueHBpZHMuMTA4MC5zZHIucmVndWxhcl9waG90by5DMyJ9&_nc_ohc=KiIqlPInpogQ7kNvwHaVGTM&_nc_oc=AdoUgqr-E7zdi8kpAtu4w6OhKzr_LQAXtc1vDJfvYcZV8qjRmVOkGIVV-ogqAD39VZGtJHutA7X6qMVWZO13XQOr&_nc_ad=z-m&_nc_cid=2034&_nc_zt=23&_nc_ht=instagram.fraj8-1.fna&_nc_gid=F733n1ULZ53pvvfrpeI2uw&_nc_ss=7a22e&oh=00_AQAx4hwJXmCB-_Z5ATfuzus8vrkF0QZWiW7iJHJ7BNH6pg&oe=6A5CD266","","opportunitiesradar"
"Dai1whATK8V","https://www.instagram.com/p/Dai1whATK8V/","image","🚀 GE HealthCare is hiring Interns!  Kickstart your career with one of the world’s leading healthcare technology companies.  🎓 Freshers eligible 📍 Multiple locations 💼 Bachelor’s or Master’s Degree 💬 Comment “GE” for the direct application link.  ⚠️ Never pay money for any job opportunity.  #job #Internship #FreshersJobs #TechJobs #CareerOpportunity","job Internship FreshersJobs TechJobs CareerOpportunity","3","1893","","2026-07-08T19:57:19.000Z","https://instagram.fraj8-1.fna.fbcdn.net/v/t51.82787-15/743294699_17945441841233596_7286579949408489837_n.jpg?stp=dst-jpg_e35_tt6&_nc_cat=100&ig_cache_key=MzkzNjk0NTQ1NDcxMzcxMjQwNQ%3D%3D.3-ccb7-5&ccb=7-5&_nc_sid=58cdad&efg=eyJ2ZW5jb2RlX3RhZyI6IkZFRUQueHBpZHMuMTQ0OC5zZHIucmVndWxhcl9waG90by5DMyJ9&_nc_ohc=iStG-m6vBBAQ7kNvwEfTrjZ&_nc_oc=AdrSx57mtneHC568IZSJPkrveTh7fMXMFGmBL9JIICMrFNXGWMtzs8gskM9AIcdzcXEl7J9zXBN-bgT2ZijeI6aH&_nc_ad=z-m&_nc_cid=2034&_nc_zt=23&_nc_ht=instagram.fraj8-1.fna&_nc_gid=n0TVRzhOKAseoNDjFkyTfg&_nc_ss=7a22e&oh=00_AQCmX-I6Z1zAUeT4t_fYBvrKikjNK426DNayTcTPACfZxQ&oe=6A5CFD82","","pradeep23kk"
"DaIvcPcSauj","https://www.instagram.com/p/DaIvcPcSauj/","video","Looking for internships but don't know where to start?  Not every great internship is found on the most popular platforms. There are hidden gems where students can land exciting opportunities with top companies and build real-world experience.  💼 Whether you're a fresher or looking to strengthen your resume, the right internship can help you: ✅ Gain practical skills ✅ Build your portfolio ✅ Expand your network ✅ Improve your chances of getting placed  📌 Save this post, share it with your friends, and start applying today. Your dream internship could be just one application away!  Follow @media.mentor for internships, career guidance, college updates, and student opportunities.  Internship Platforms, Student Internships, Internship Opportunities, Career Growth, Media Mentor  #Internships #StudentCareers #CareerGrowth #CollegeStudents #MediaMentor","Internships StudentCareers CareerGrowth CollegeStudents MediaMentor","2163","6297","230750","2026-06-28T16:40:44.000Z","https://instagram.fraj8-1.fna.fbcdn.net/v/t51.82787-15/730420917_18134307517588797_7415379294440313763_n.jpg?stp=dst-jpg_e15_tt6&_nc_cat=105&ig_cache_key=MzkyOTU5OTMyMzc5Mjg0NTczMTE4MTM0MzA3NTE0NTg4Nzk3.3-ccb7-5&ccb=7-5&_nc_sid=58cdad&efg=eyJ2ZW5jb2RlX3RhZyI6IkNMSVBTLnhwaWRzLjU0MC5zZHIudmlkZW9fZGVmYXVsdF9jb3Zlcl9mcmFtZS5DMyJ9&_nc_ohc=AhfkxUYWl6IQ7kNvwFuqcVj&_nc_oc=AdpzAyEyZnm5EpWiMRP8cCgq50po9yNES0Zxfam0oDKgCuMlqXnoWNgiVsy_VIxj8Vu_Q3FuIl28DYFcuKzqtMWE&_nc_ad=z-m&_nc_cid=2034&_nc_zt=23&_nc_ht=instagram.fraj8-1.fna&_nc_gid=s-c02LEa_e4VfuUfA6tVuA&_nc_ss=7a22e&oh=00_AQBjH7jR6RMDm_mB7gaDTzOZikD8XRUUGSXeILO1gblkTQ&oe=6A5CFB4C","","media.mentor"
"DZ2TD3EK2UX","https://www.instagram.com/p/DZ2TD3EK2UX/","image","🚀 FREE 15-DAY ONLINE INTERNSHIP at CRIX TECHNOLOGY 🚀  Join our 100% FREE 15-Day Online Internship Program and gain valuable industry exposure from anywhere, anytime!  📌 How to Apply: 1️⃣ Scan the QR Code 2️⃣ Fill Out the Registration Form 3️⃣ Submit Your Details 4️⃣ Receive Confirmation & Start Learning  🎁 Benefits: ✅ Official Offer Letter ✅ Completion Certificate ✅ Expert Mentorship ✅ Real-World Projects ✅ 100% Online Internship  💰 No Registration Fee | No Hidden Charges 💻 100% Online | Open to GTU & All University Students ⏳ Limited Seats Available – Enroll Now!  #CRIXTechnology #FreeInternship #OnlineInternship #Internship #InternshipOpportunity  [ Free Internship , Online Internship , 15 Days Internship , CRIX Technology Internship , Internship with Certificate , Internship with Offer Letter , Student Internship Program , Career Development , Skill Development Program , Online Learning , University Students Internship , GTU Internship , Real World Projects , Professional Training , Internship Opportunity ]","CRIXTechnology FreeInternship OnlineInternship Internship InternshipOpportunity","16","7","","2026-06-21T12:45:10.000Z","https://instagram.fraj8-1.fna.fbcdn.net/v/t51.82787-15/722097527_17888964576560610_2723888562375904384_n.webp?_nc_cat=105&ig_cache_key=MzkyNDQwNzk1MzQ2Nzg2MDI0Nw%3D%3D.3-ccb7-5&ccb=7-5&_nc_sid=58cdad&efg=eyJ2ZW5jb2RlX3RhZyI6IkZFRUQueHBpZHMuMTA4MC5zZHIucmVndWxhcl9waG90by5DMyJ9&_nc_ohc=ryPiMA2aGgMQ7kNvwEw6d_R&_nc_oc=AdoV25-D69mudOBCfRz0W91tvH98KBPp5l1nAd0DpD2PJIZ4PbG_CuYAD0pGZtgscMspvncqw44Ba_Xi49okZO-9&_nc_ad=z-m&_nc_cid=2034&_nc_zt=23&_nc_ht=instagram.fraj8-1.fna&_nc_gid=1nn5kSytCp8BXk4msgKg0Q&_nc_ss=7a22e&oh=00_AQCahJKILNeE_AscEHr08gaizOt6i5QVs748Pzftfakgkw&oe=6A5CE9AB","","crix_technology"
"DaiTtDEpZwC","https://www.instagram.com/p/DaiTtDEpZwC/","image","🚨 8 Fresher Job Alerts | 08 July 2026 🚨  Top companies are hiring freshers and interns! 💼🔥  ✅ Sensata ✅ Deutsche Bank ✅ Shell ✅ Cornerstone ✅ Micron ✅ HP ✅ Salesforce ✅ Medpace  Don’t miss the application deadlines! ⏳  👇 Comment any emoji (🚀 ❤️ 🔥 🙌) and we’ll send you all the application links.  📌 Follow @kareerpath.in for daily fresher jobs, internships, and off-campus drives.  #FreshersJobs #OffCampusDrive #SoftwareJobs #EngineeringJobs #internship","FreshersJobs OffCampusDrive SoftwareJobs EngineeringJobs internship","81","141","","2026-07-08T14:58:07.000Z","https://instagram.fraj8-1.fna.fbcdn.net/v/t51.82787-15/742345914_17880575523672543_3144237138395545775_n.jpg?stp=dst-jpg_e35_tt6&_nc_cat=109&ig_cache_key=MzkzNjc5NTY4MjgzNDU4NjYyNg%3D%3D.3-ccb7-5&ccb=7-5&_nc_sid=58cdad&efg=eyJ2ZW5jb2RlX3RhZyI6IkZFRUQueHBpZHMuMTQwMi5zZHIucmVndWxhcl9waG90by5DMyJ9&_nc_ohc=ppxegMX-hSAQ7kNvwHWvlO3&_nc_oc=AdrwMaiN0jlR8fBEVgFWhtFAYPpGGxzuJlDewfXYx5VVQ_Qx2NfbtB0UKgi0cVP5lXys1tZiDXdi6V7G5_IOQBBB&_nc_ad=z-m&_nc_cid=2034&_nc_zt=23&_nc_ht=instagram.fraj8-1.fna&_nc_gid=L4O4KQnY7BaV7qr3xs1GnA&_nc_ss=7a22e&oh=00_AQAIrKtsyPKbh-sLbdu5yw_NGXDY0BGFf88Sibk3EZFbKg&oe=6A5CE78F","","kareerpath.in"
"DaR9zUODG0F","https://www.instagram.com/p/DaR9zUODG0F/","carousel","Comment “Fit Check” to apply to India’s first ever Fit Check Internship👩🏻‍💻🏃🏻‍♀️  Here’s everything you need to know if you want to be the coolest intern ever: - Comment “Fit Check” to apply - Get a Trend Score at the end of your application. Flex it on your stories and tag us ;) - Get 20% off using the referral link. Share it with 5 friends who seem like the perfect fit! - If your profile fits the vibe, we’ll reach out to you🫶🏻 - Only eligibility criteria: Your gallery needs to be filled with Fit Checks!  #newme #fitcheckintern #summerinternship #newmewardrobe","newme fitcheckintern summerinternship newmewardrobe","11453","26351","","2026-07-02T06:38:04.000Z","https://instagram.fraj8-1.fna.fbcdn.net/v/t51.82787-15/735543766_18061355717755391_8851852267841178651_n.jpg?stp=dst-jpg_e35_p1080x1080_tt6&_nc_cat=108&ig_cache_key=MzkzMjE4MzAwODEzNDU2MzA5Mg%3D%3D.3-ccb7-5&ccb=7-5&_nc_sid=58cdad&efg=eyJ2ZW5jb2RlX3RhZyI6IkNBUk9VU0VMX0lURU0ueHBpZHMuMjE2MS5zZHIucmVndWxhcl9waG90by5DMyJ9&_nc_ohc=Y1WpEBeA6E0Q7kNvwF26AR4&_nc_oc=AdqrPgSeN3Ut8PfL2n2vvj1XCn0NpaATz1PR7kANBUWpTEANXU_Ec9M4908CmE8GNVXGaQdY06xJlrYjDcZ11pxn&_nc_ad=z-m&_nc_cid=2034&_nc_zt=23&_nc_ht=instagram.fraj8-1.fna&_nc_gid=1pKzXPonkRjVXpwrd6jIlg&_nc_ss=7a22e&oh=00_AQDaZ17xCCwpNm2skXlQqc03tWw-WJcZ967H_xBaTUsDSw&oe=6A5CE4CF","","newme.asia"
"DRMF0KwjEKc","https://www.instagram.com/p/DRMF0KwjEKc/","video","⭐ Internship Based Learning Opportunity at Akash Technolabs  Akash Technolabs, a leading Web & Mobile App Development IT Agency in Ahmedabad, is offering an exciting internship opportunity for final-year students. This is your chance to gain hands-on experience, work on live projects, and build a strong foundation in your chosen IT field.  🚀 Training Mode: Online & Offline 🚀 Duration: 1 / 3 / 6 / 9 / 12 Months  📌 We Offer Internships In:  ✔ Web Design (HTML / CSS / JavaScript) ✔ MERN / MEAN Stack ✔ Frontend Development ✔ Full-Stack Development ✔ Backend Development (Node / Python / Laravel) ✔ Mobile App Development (Android / iOS) ✔ Cross-Platform Apps (Flutter / React Native) ✔ Data Analytics ✔ AI / ML  📲Contact No :  99786 21654   📍Address : 202 Aarya Arcade Above Passport Seva Kendra, Mithakhali Six Rd, near Shree Krishana Center, Navrangpura, Ahmedabad, Gujarat 380009  #internship #training #codingtraining #upgrade #internshipwork #gtuinternship #collegeinternship #upskill #upskilling #internshipprogram #internshipopportunity #internshipprogram #internship2025","internship training codingtraining upgrade internshipwork gtuinternship collegeinternship upskill upskilling internshipprogram internshipopportunity internshipprogram internship2025","1905","14","149820","2025-11-18T07:28:17.000Z","https://instagram.fraj8-1.fna.fbcdn.net/v/t51.71878-15/581068202_842912511827971_6354785424232545196_n.jpg?stp=dst-jpg_e15_tt6&_nc_cat=107&ig_cache_key=Mzc2ODQxMjU2MzM5OTUyNTAyMA%3D%3D.3-ccb7-5&ccb=7-5&_nc_sid=58cdad&efg=eyJ2ZW5jb2RlX3RhZyI6IkNMSVBTLnhwaWRzLjY0MC5zZHIudmlkZW9fbmZyYW1lX2NvdmVyX2ZyYW1lLkMzIn0%3D&_nc_ohc=0MnlqPBfeJ8Q7kNvwESkNCA&_nc_oc=AdpoDqDWAJLKb3GKMgeaVPv4_ziGGNsMrMyqeolf5PRhdHCOxxKTURlW5xTvCBd-geKPQguose-mR0ugLmycxOzG&_nc_ad=z-m&_nc_cid=2034&_nc_zt=23&_nc_ht=instagram.fraj8-1.fna&_nc_gid=XPX9f7VISHW7U96C9ui-4g&_nc_ss=7a22e&oh=00_AQB4T7h9a3Wu27DZK5htv3epoT_AMJwhhQpk1jv334D80w&oe=6A5CE34F","","akashsirdotcom"
"DUsyR7rk-L_","https://www.instagram.com/p/DUsyR7rk-L_/","carousel","10 Internships With Certificates, No Interviews  These include: 📌 Software Engineering Internship Program by JP Morgan & Chase  📌 Gen AI Internship by BCG X  📌 Data Analytics Internship by Deloitte  📌 Cybersecurity Operations Internship by DATACOM  📌 Data Visualization Internship by TATA  📌 Software Engineering Internship by Quantium  📌 Project Manager Internship by SIEMENS  📌 Software Development Internship by DATACOM  📌 Data Analytics Internship by Quantium  📌 Software Engineering Internship by Electronic Arts  Follow @codehype_ for more useful content 🤍  Save this post for future reference ✅  (internships, software engineering, data analytics, cybersecurity, project management, gen ai, students, tech careers)","","2842","1618","","2026-02-13T13:28:31.000Z","https://instagram.fraj8-1.fna.fbcdn.net/v/t51.82787-15/634609978_17992439522919628_6393424477346631986_n.jpg?stp=dst-jpg_e35_tt6&_nc_cat=104&ig_cache_key=MzgzMTY1NTk1NDU3NzA0NTg2OQ%3D%3D.3-ccb7-5&ccb=7-5&_nc_sid=58cdad&efg=eyJ2ZW5jb2RlX3RhZyI6IkNBUk9VU0VMX0lURU0ueHBpZHMuMTA4MC5zZHIucmVndWxhcl9waG90by5DMyJ9&_nc_ohc=ezIT3t5A2LEQ7kNvwGR1QCE&_nc_oc=AdoUKjom2mR7TPjNCE6xf_KwDSPAhHJnihX59L66RjZukFiELFHIapE0-wPuqHFLGof04YnWJ7FkPAVDi9u9CJt8&_nc_ad=z-m&_nc_cid=2034&_nc_zt=23&_nc_ht=instagram.fraj8-1.fna&_nc_gid=1Y1-tP-L5gLXhESzn34V3Q&_nc_ss=7a22e&oh=00_AQBHnC0A8WrDeg-eWKKJcah1B-AS8XV4K2qfIf_WUcNRow&oe=6A5CD43B","","codehype_"
"DaBe8djDoPJ","https://www.instagram.com/p/DaBe8djDoPJ/","image","Netflix Internship Program 2026  Benefits: • Paid internship opportunities at Netflix across various departments. • Hands-on professional experience in a global media company. • Exposure to real-world projects and industry practices. • Mentorship and learning opportunities from experienced professionals. • Opportunity to build professional and technical skills.  Deadline: Varies  Link is available in our story and highlights  Credit to: Netflix  Opportunities Circle does not claim ownership of opportunities shared. All information is adapted from official sources and may be updated or changed at any time. For credit or content-related inquiries, please reach out to us.  #opportunitiescircle #usa #internship #netflix #careers","opportunitiescircle usa internship netflix careers","11255","1560","","2026-06-25T21:00:45.000Z","https://instagram.fraj8-1.fna.fbcdn.net/v/t51.82787-15/729893136_18357650155208620_838290135208320313_n.jpg?stp=dst-jpg_e35_tt6&_nc_cat=109&ig_cache_key=MzkyNzU1NjQ0NjMzNDM4NzE0NQ%3D%3D.3-ccb7-5&ccb=7-5&_nc_sid=58cdad&efg=eyJ2ZW5jb2RlX3RhZyI6IkZFRUQueHBpZHMuMTA4MC5zZHIucmVndWxhcl9waG90by5DMyJ9&_nc_ohc=Hfd7P_XG0EIQ7kNvwGvdDzl&_nc_oc=Adr_9_5886w1HC6OUOGlYAb-X39qeLmB9FdsepFrzv6qAyUT_B9TbwkVPlBcbx_Cn9hVfUlyA3OLCgrGFeWHzCA_&_nc_ad=z-m&_nc_cid=2034&_nc_zt=23&_nc_ht=instagram.fraj8-1.fna&_nc_gid=z04h-2Wo7mB8DRW3besvQg&_nc_ss=7a22e&oh=00_AQDIofxmgwrd2x-7La2-RAZbE2oZdAmbKAqxRQyYlWCwMw&oe=6A5D02F9","","opportunitiescircleofficial"
"DRe2XCVjE6C","https://www.instagram.com/p/DRe2XCVjE6C/","image","Land your dream internship with Mercedes-Benz!  Comment ""Mercedes"" to apply now.","","6200","10771","","2025-11-25T14:00:37.000Z","https://instagram.fraj8-1.fna.fbcdn.net/v/t51.82787-15/587701512_18071687936601018_6852827558716011582_n.heic?stp=dst-jpg_e35_tt6&_nc_cat=102&ig_cache_key=Mzc3MzY5MjYxNTM1MTYxOTIwMg%3D%3D.3-ccb7-5&ccb=7-5&_nc_sid=58cdad&efg=eyJ2ZW5jb2RlX3RhZyI6IkZFRUQueHBpZHMuMTQ0MC5zZHIucmVndWxhcl9waG90by5DMyJ9&_nc_ohc=fj_tl-vCz6sQ7kNvwFiCMzi&_nc_oc=AdonckS3WwG07mpbZ7ly4gizfr52rrHrwhE0LJVR6dCIGdhIxOqvANBenDhidJDwwzmEHY4MQGhNKYSMa7kNRezk&_nc_ad=z-m&_nc_cid=2034&_nc_zt=23&_nc_ht=instagram.fraj8-1.fna&_nc_gid=T58qolsy29Cp9ROLFfAJUA&_nc_ss=7a22e&oh=00_AQDTgZDH7U0he4j8PsYtJTWA6WioqLxo3dWtViq8WnTphw&oe=6A5CFC68","","hassanr4za"